{
  "total_responses": 1182,
  "motivation_categories": {
    "新着・最新情報": {
      "count": 756,
      "percentage": 63.95939086294417
    },
    "気に入り・好み": {
      "count": 401,
      "percentage": 33.92554991539763
    },
    "購入意向・買い物": {
      "count": 480,
      "percentage": 40.609137055837564
    },
    "価格・お得情報": {
      "count": 135,
      "percentage": 11.421319796954315
    },
    "ブランド・ショップ": {
      "count": 404,
      "percentage": 34.179357021996616
    },
    "情報収集・チェック": {
      "count": 579,
      "percentage": 48.984771573604064
    },
    "効率・便利": {
      "count": 52,
      "percentage": 4.39932318104907
    },
    "見逃し防止": {
      "count": 59,
      "percentage": 4.991539763113368
    }
  },
  "top_motivation": [
    "新着・最新情報",
    {
      "count": 756,
      "percentage": 63.95939086294417
    }
  ]
}