{
  "analysis_date": "2026-03-17T12:44:37.175677",
  "total_valid_responses": 1182,
  "text_statistics": {
    "avg_length": 43.43654822335025,
    "min_length": 2,
    "max_length": 419,
    "median_length": 35.0
  },
  "keyword_analysis": {
    "新着・最新情報": {
      "count": 756,
      "percentage": 63.95939086294417
    },
    "気に入り・好み": {
      "count": 401,
      "percentage": 33.92554991539763
    },
    "購入意向・買い物": {
      "count": 480,
      "percentage": 40.609137055837564
    },
    "価格・お得情報": {
      "count": 135,
      "percentage": 11.421319796954315
    },
    "ブランド・ショップ": {
      "count": 404,
      "percentage": 34.179357021996616
    },
    "情報収集・チェック": {
      "count": 579,
      "percentage": 48.984771573604064
    },
    "効率・便利": {
      "count": 52,
      "percentage": 4.39932318104907
    },
    "見逃し防止": {
      "count": 59,
      "percentage": 4.991539763113368
    }
  },
  "top_words": {
    "フォローします": 4,
    "出品者": 4,
    "フォロー割": 4,
    "フォローしています": 3,
    "フォローしている": 3,
    "欲しい商品": 3,
    "そのため": 3,
    "フォロー割のため": 3,
    "購入して": 2,
    "フォロー割や": 2,
    "一度購入して": 2,
    "ハンドメイド作家さんなど": 2,
    "ショップ": 2,
    "好みが似ている出品者や": 2,
    "のチェック": 2,
    "服が多いです": 2,
    "例えば": 2,
    "また購入したいため": 2,
    "割引がある": 2,
    "趣味が似ている人": 2
  },
  "sentiment_analysis": {
    "ポジティブ": {
      "count": 325,
      "percentage": 27.49576988155668
    },
    "ネガティブ": {
      "count": 14,
      "percentage": 1.1844331641285957
    },
    "ニュートラル": {
      "count": 1,
      "percentage": 0.08460236886632826
    }
  }
}